{
  "info": {
    "name": "Tugas API - Middleware",
    "_postman_id": "tugas-api-12345",
    "description": "Koleksi untuk mengetes register, login, authors, genres. Gunakan token dari login untuk akses admin.",
    "schema": "https://schema.getpostman.com/json/collection/v2.1.0/collection.json"
  },
  "item": [
    {
      "name": "Register (make admin)",
      "request": {
        "method": "POST",
        "header": [
          {
            "key": "Content-Type",
            "value": "application/json"
          }
        ],
        "body": {
          "mode": "raw",
          "raw": "{\n  \"name\": \"Admin\",\n  \"email\": \"admin@example.com\",\n  \"password\": \"password\",\n  \"password_confirmation\": \"password\",\n  \"role\": \"admin\"\n}"
        },
        "url": {
          "raw": "http://127.0.0.1:8000/api/register",
          "protocol": "http",
          "host": [
            "127.0.0.1"
          ],
          "port": "8000",
          "path": [
            "api",
            "register"
          ]
        }
      }
    },
    {
      "name": "Login (admin)",
      "request": {
        "method": "POST",
        "header": [
          {
            "key": "Content-Type",
            "value": "application/json"
          }
        ],
        "body": {
          "mode": "raw",
          "raw": "{\n  \"email\": \"admin@example.com\",\n  \"password\": \"password\"\n}"
        },
        "url": {
          "raw": "http://127.0.0.1:8000/api/login",
          "protocol": "http",
          "host": [
            "127.0.0.1"
          ],
          "port": "8000",
          "path": [
            "api",
            "login"
          ]
        }
      }
    },
    {
      "name": "Get Authors (public)",
      "request": {
        "method": "GET",
        "header": [],
        "url": {
          "raw": "http://127.0.0.1:8000/api/authors",
          "protocol": "http",
          "host": [
            "127.0.0.1"
          ],
          "port": "8000",
          "path": [
            "api",
            "authors"
          ]
        }
      }
    },
    {
      "name": "Create Author (admin)",
      "request": {
        "method": "POST",
        "header": [
          {
            "key": "Content-Type",
            "value": "application/json"
          },
          {
            "key": "Authorization",
            "value": "Bearer {{token}}"
          }
        ],
        "body": {
          "mode": "raw",
          "raw": "{\n  \"name\": \"New Author\"\n}"
        },
        "url": {
          "raw": "http://127.0.0.1:8000/api/authors",
          "protocol": "http",
          "host": [
            "127.0.0.1"
          ],
          "port": "8000",
          "path": [
            "api",
            "authors"
          ]
        }
      }
    },
    {
      "name": "Get Genres (public)",
      "request": {
        "method": "GET",
        "header": [],
        "url": {
          "raw": "http://127.0.0.1:8000/api/genres",
          "protocol": "http",
          "host": [
            "127.0.0.1"
          ],
          "port": "8000",
          "path": [
            "api",
            "genres"
          ]
        }
      }
    },
    {
      "name": "Create Genre (admin)",
      "request": {
        "method": "POST",
        "header": [
          {
            "key": "Content-Type",
            "value": "application/json"
          },
          {
            "key": "Authorization",
            "value": "Bearer {{token}}"
          }
        ],
        "body": {
          "mode": "raw",
          "raw": "{\n  \"name\": \"Romance\"\n}"
        },
        "url": {
          "raw": "http://127.0.0.1:8000/api/genres",
          "protocol": "http",
          "host": [
            "127.0.0.1"
          ],
          "port": "8000",
          "path": [
            "api",
            "genres"
          ]
        }
      }
    }
  ]
}